path	bytes	sha256
tmp/world-195x4/batch-393/raw/bank-01/lane-1/batch-393-bank-01-lane-1-scene-1592.webp	701710	FB8361C3431334FDBBABC82F9C5A6F827E4958B5C28270827774B16DBA26C2BD
tmp/world-195x4/batch-393/raw/bank-01/lane-2/batch-393-bank-01-lane-2-scene-1593.webp	693924	507A2AA284B5D5C76279AD9F73D137EEF67184151896AB244DA17925EC664F84
tmp/world-195x4/batch-393/raw/bank-01/lane-3/batch-393-bank-01-lane-3-scene-1594.webp	633862	CAF4E01A4674AF06304790ED343F45CB15F28F049FBC99CCE72680B00CD3293A
tmp/world-195x4/batch-393/raw/bank-01/lane-4/batch-393-bank-01-lane-4-scene-1595.webp	744938	FAE7D5D8F0FEBDF10D507BFDFB23408D177C7280C46C12F16A92D7196AAF5DAA
tmp/world-195x4/batch-393/raw/bank-02/lane-1/batch-393-bank-02-lane-1-scene-1592-output-1.webp	705848	A1F4EE31F3028BE8908E0A4FE4F359CB8AEAB2E90A5E244AF77885D89BFBB651
tmp/world-195x4/batch-393/raw/bank-02/lane-2/batch-393-bank-02-lane-2-scene-1593-output-1.webp	571858	11139595B33DAE4BA1F0585042F9BA4A1B01489D3A18DC43DF26B1A982B0F258
tmp/world-195x4/batch-393/raw/bank-02/lane-2/batch-393-bank-02-lane-2-scene-1593-output-2.webp	704090	2944D4E4277479824C45B566999C277889A61B98C1207F3FF2BE6A660EC6F8AB
tmp/world-195x4/batch-393/raw/bank-02/lane-2/batch-393-bank-02-lane-2-scene-1593-output-3.webp	571858	11139595B33DAE4BA1F0585042F9BA4A1B01489D3A18DC43DF26B1A982B0F258
tmp/world-195x4/batch-393/raw/bank-02/lane-3/batch-393-bank-02-lane-3-scene-1594-output-1.webp	664870	45FE6DC07151CF452775200A532F10CB50E2DEF2CA9B6A7898239735A82C124A
tmp/world-195x4/batch-393/raw/bank-02/lane-3/batch-393-bank-02-lane-3-scene-1594-output-2.webp	687634	BA91128C4EE390290E495239C52C4EB557FDFA61856C5A441757F871EAEBB01B
tmp/world-195x4/batch-393/raw/bank-02/lane-3/batch-393-bank-02-lane-3-scene-1594-output-3.webp	641894	6AA51A7EB0753738379CA418250035E11F756B90BA93A863EDDF44087CE25124
tmp/world-195x4/batch-393/raw/bank-02/lane-4/batch-393-bank-02-lane-4-scene-1595-output-1.webp	573836	5F2EB891431D2D9F15E62E9640AC93A3FBF3211D3C7FD10FE690340D9D56171F
tmp/world-195x4/batch-393/raw/bank-03/lane-1/batch-393-bank-03-lane-1-scene-1592-output-1.webp	584628	CF5B32B84AAB80B1CAF36E62AC578100B2E5F6D1ADB0944BF31669DE1A65C88E
tmp/world-195x4/batch-393/raw/bank-03/lane-2/batch-393-bank-03-lane-2-scene-1593-output-1.webp	616462	9D19FF1B52B0D17845FC5DF4C33D002D7F3DEDAD5402DA6E25E6B08966060232
tmp/world-195x4/batch-393/raw/bank-03/lane-3/batch-393-bank-03-lane-3-scene-1594-output-1.webp	687634	BA91128C4EE390290E495239C52C4EB557FDFA61856C5A441757F871EAEBB01B
tmp/world-195x4/batch-393/raw/bank-03/lane-3/batch-393-bank-03-lane-3-scene-1594-output-2.webp	715016	750DEEEAC882D9A05807C3832574EF37BDE4412D6B9825FE417BACE7CA9586B7
tmp/world-195x4/batch-393/raw/bank-03/lane-4/batch-393-bank-03-lane-4-scene-1595-output-1.webp	677034	2DB56FF1AA4C1F64EB06EAABCD5BB245E78704F53782B9B37DCC8E994B8631AE
tmp/world-195x4/batch-393/raw/bank-04/batch393-bank04-lane1-scene1592-asset-7e5de5d712930210.webp	584628	CF5B32B84AAB80B1CAF36E62AC578100B2E5F6D1ADB0944BF31669DE1A65C88E
tmp/world-195x4/batch-393/raw/bank-04/batch393-bank04-lane1-scene1592-asset-783508016-actual.webp	628410	F91FE267CC3E48C32FEA7E52A6475866833BBA6DDA3E3C21645DAEC7E0215328
tmp/world-195x4/batch-393/raw/bank-04/batch393-bank04-lane2-scene1593-asset-73a9c178d066e5d7.webp	616462	9D19FF1B52B0D17845FC5DF4C33D002D7F3DEDAD5402DA6E25E6B08966060232
tmp/world-195x4/batch-393/raw/bank-04/batch393-bank04-lane2-scene1593-asset-783727595-actual.webp	687834	FE33821B4A07EE3631D5F0473F15C508079FB0B3113C02C4700A089BD1CA320F
tmp/world-195x4/batch-393/raw/bank-04/batch393-bank04-lane3-scene1594-asset-3471482893fdfed1.webp	715016	750DEEEAC882D9A05807C3832574EF37BDE4412D6B9825FE417BACE7CA9586B7
tmp/world-195x4/batch-393/raw/bank-04/batch393-bank04-lane3-scene1594-asset-783012263-actual.webp	607104	FF0246007055F4DF4C9E0E49BC47CABE0D77742005A7DDF5E5B1352CB7BE8925
tmp/world-195x4/batch-393/raw/bank-04/batch393-bank04-lane4-scene1595-asset-1a4ac6d5ebae86f4.webp	677034	2DB56FF1AA4C1F64EB06EAABCD5BB245E78704F53782B9B37DCC8E994B8631AE
tmp/world-195x4/batch-393/raw/bank-04/batch393-bank04-lane4-scene1595-asset-782905651-actual.webp	688284	5ED8934315B50E385691B68B8DCB1653D500FED5D1FD7F158193D3FC63F84608
